,elbo,pre_g_mean,pre_acsa,o_g_mean,o_acsa
1,-105.01147,0.7983571,0.8102663,0.5549605,0.5523469
1,-103.357956,0.80450135,0.8159992,0.23680383,0.20204745
2,-102.2786,0.7750016,0.7923878,0.27849644,0.26940596
3,-101.70554,0.79224896,0.80563396,0.26201516,0.2586206
4,-100.51701,0.82926214,0.84134233,0.28827715,0.26651073
5,-99.88959,0.8408129,0.8512012,0.2782665,0.25959983
6,-99.254005,0.82239425,0.8359387,0.28853935,0.27946815
