,pre_g_mean,pre_acsa,o_g_mean,o_acsa,acc_in_training,pass_pre_train_classifier,pass_o_classifier,acc_in_cls0,valid_sample_in_cls0,valid_ratio_in_cls0,acc_in_cls1,valid_sample_in_cls1,valid_ratio_in_cls1,acc_in_cls2,valid_sample_in_cls2,valid_ratio_in_cls2,acc_in_cls3,valid_sample_in_cls3,valid_ratio_in_cls3,acc_in_cls4,valid_sample_in_cls4,valid_ratio_in_cls4
1,0.4890366,0.636,0.0,0.2,0.84555507,0.016257063,0.0,1.0,0.0,0.0,0.0,1041.0,0.05881356,0.0,104.0,0.005875706,0.0,6.0,0.00033898305,0.0,0.0,0.0
2,0.4890366,0.636,0.0,0.2,0.8473037,0.015903955,0.0,1.0,0.0,0.0,0.0,1024.0,0.057853106,0.0,99.0,0.0055932202,0.0,3.0,0.00016949153,0.0,0.0,0.0
4,0.4890366,0.636,0.0,0.2,0.84769857,0.015776835,0.0,1.0,0.0,0.0,0.0,1023.0,0.05779661,0.0,91.0,0.005141243,0.0,3.0,0.00016949153,0.0,0.0,0.0
6,0.4890366,0.636,0.0,0.2,0.84769857,0.015607345,0.0,1.0,0.0,0.0,0.0,1017.0,0.057457626,0.0,84.0,0.004745763,0.0,4.0,0.0002259887,0.0,0.0,0.0
8,0.4890366,0.636,0.0,0.2,0.84690887,0.016242938,0.0,1.0,0.0,0.0,0.0,1040.0,0.058757063,0.0,106.0,0.005988701,0.0,4.0,0.0002259887,0.0,0.0,0.0
10,0.4890366,0.636,0.0,0.2,0.8473037,0.016257063,0.0,1.0,0.0,0.0,0.0,1053.0,0.059491526,0.0,95.0,0.0053672316,0.0,3.0,0.00016949153,0.0,0.0,0.0
6,0.4890366,0.636,0.0,0.364,0.88898915,0.015409605,0.0012711864,0.99,0.0,0.0,0.83,997.0,0.056327682,0.0,89.0,0.0050282488,0.0,5.0,0.00028248588,0.0,0.0,0.0
7,0.4890366,0.636,0.0,0.2,0.8458935,0.14684746,0.19854237,1.0,11863.0,0.670226,0.0,1037.0,0.05858757,0.0,93.0,0.0052542374,0.0,3.0,0.00016949153,0.0,0.0,0.0
