,pre_g_mean,pre_acsa,o_g_mean,o_acsa,acc_in_training,pass_pre_train_classifier,pass_o_classifier,acc_in_cls0,valid_sample_in_cls0,valid_ratio_in_cls0,acc_in_cls1,valid_sample_in_cls1,valid_ratio_in_cls1,acc_in_cls2,valid_sample_in_cls2,valid_ratio_in_cls2,acc_in_cls3,valid_sample_in_cls3,valid_ratio_in_cls3,acc_in_cls4,valid_sample_in_cls4,valid_ratio_in_cls4
1,0.4890366,0.636,0.0,0.372,0.8935582,0.013276836,0.00033898305,0.98,0.0,0.0,0.88,879.0,0.049661018,0.0,59.0,0.0033333334,0.0,2.0,0.00011299435,0.0,0.0,0.0
2,0.4890366,0.636,0.0,0.354,0.90788585,0.013587571,0.001158192,1.0,0.0,0.0,0.77,901.0,0.050903954,0.0,59.0,0.0033333334,0.0,2.0,0.00011299435,0.0,0.0,0.0
4,0.4890366,0.636,0.0,0.342,0.91318816,0.01319209,0.0012853107,1.0,0.0,0.0,0.64,880.0,0.049717516,0.07,53.0,0.0029943504,0.0,1.0,5.6497174e-05,0.0,0.0,0.0
6,0.4890366,0.636,0.0,0.38,0.91645986,0.012980226,0.00240113,0.99,0.0,0.0,0.85,870.0,0.049152542,0.06,47.0,0.0026553671,0.0,2.0,0.00011299435,0.0,0.0,0.0
8,0.4890366,0.636,0.0,0.498,0.92565435,0.013672316,0.0048305085,0.93,0.0,0.0,0.9,902.0,0.05096045,0.66,64.0,0.0036158192,0.0,2.0,0.00011299435,0.0,0.0,0.0
10,0.4890366,0.636,0.0,0.426,0.9268953,0.013276836,0.003954802,0.99,0.0,0.0,0.84,883.0,0.049887005,0.3,54.0,0.0030508474,0.0,3.0,0.00016949153,0.0,0.0,0.0
6,0.4890366,0.636,0.0,0.2,0.8457807,0.012881356,0.0,1.0,0.0,0.0,0.0,858.0,0.048474576,0.0,51.0,0.0028813558,0.0,3.0,0.00016949153,0.0,0.0,0.0
7,0.4890366,0.636,0.0,0.258,0.84679604,0.1279661,0.049288135,1.0,10390.0,0.5870057,0.0,872.0,0.049265537,0.29,61.0,0.0034463278,0.0,2.0,0.00011299435,0.0,0.0,0.0
