,elbo,pre_g_mean,pre_acsa,o_g_mean,o_acsa
1,595.02515,0.085958116,0.8319352,0.085958116,0.8319352
2,608.89856,0.08188987,0.83236736,0.08188987,0.83236736
