,elbo,pre_g_mean,pre_acsa,o_g_mean,o_acsa,pass_pre_train_classifier,pass_o_classifier,cls0,cls1,cls2,cls3,cls4
1,-6372.015,0.76816094,0.64721006,0.39195484,0.20000003,0.6817802,0.049063627,0.0,0.0,0.0,0.0,0.0
2,-6379.4243,0.76144195,0.64452195,0.40681165,0.20954366,0.68182534,0.15917192,0.0,0.0,0.0,0.0,0.0
3,-6381.7715,0.7640557,0.64020705,0.40163302,0.20388892,0.6803249,0.19016245,0.0,0.0,0.0,0.0,0.0
4,-6383.2153,0.76434773,0.64062184,0.4650531,0.26890874,0.6831453,0.22123195,0.0,0.0,0.0,0.0,0.0
5,-6378.5176,0.7655274,0.64624107,0.41996518,0.22362867,0.68245715,0.2520307,0.0,0.0,0.0,0.0,0.0
6,-6380.674,0.76618433,0.6513393,0.38970712,0.20000003,0.6849278,0.25468186,0.0,0.0,0.0,0.0,0.0
