,pre_g_mean,pre_acsa,o_g_mean,o_acsa,acc_in_training,pass_pre_train_classifier,pass_o_classifier,acc_in_cls0,valid_sample_in_cls0,valid_ratio_in_cls0,acc_in_cls1,valid_sample_in_cls1,valid_ratio_in_cls1,acc_in_cls2,valid_sample_in_cls2,valid_ratio_in_cls2,acc_in_cls3,valid_sample_in_cls3,valid_ratio_in_cls3,acc_in_cls4,valid_sample_in_cls4,valid_ratio_in_cls4,acc_in_cls5,valid_sample_in_cls5,valid_ratio_in_cls5,acc_in_cls6,valid_sample_in_cls6,valid_ratio_in_cls6,acc_in_cls7,valid_sample_in_cls7,valid_ratio_in_cls7,acc_in_cls8,valid_sample_in_cls8,valid_ratio_in_cls8,acc_in_cls9,valid_sample_in_cls9,valid_ratio_in_cls9
1,0.83576936,0.85,0.0,0.354,0.36580232,0.057294585,0.020528376,0.0,0.0,0.0,0.97,179482.0,0.21793883,0.98,186522.0,0.22648726,0.93,19403.0,0.023560397,0.0,3680.0,0.004468498,0.66,32918.0,0.0399712,0.0,1333.0,0.0016186162,0.0,1025.0,0.0012446223,0.0,273.0,0.00033149452,0.0,25.0,3.0356641e-05
2,0.83576936,0.85,0.0,0.447,0.43772164,0.057294585,0.044832576,0.0,0.0,0.0,0.98,179482.0,0.21793883,0.94,186522.0,0.22648726,0.94,19403.0,0.023560397,0.87,3680.0,0.004468498,0.74,32918.0,0.0399712,0.0,1333.0,0.0016186162,0.0,1025.0,0.0012446223,0.0,273.0,0.00033149452,0.0,25.0,3.0356641e-05
4,0.83576936,0.85,0.0,0.459,0.48027483,0.057294585,0.05274851,0.0,0.0,0.0,0.98,179482.0,0.21793883,0.92,186522.0,0.22648726,0.98,19403.0,0.023560397,0.95,3680.0,0.004468498,0.76,32918.0,0.0399712,0.0,1333.0,0.0016186162,0.0,1025.0,0.0012446223,0.0,273.0,0.00033149452,0.0,25.0,3.0356641e-05
