,pre_g_mean,pre_acsa,o_g_mean,o_acsa,acc_in_training,pass_pre_train_classifier,pass_o_classifier,acc_in_cls0,threshold_in_cls0,valid_sample_in_cls0,valid_ratio_in_cls0,acc_in_cls1,threshold_in_cls1,valid_sample_in_cls1,valid_ratio_in_cls1,acc_in_cls2,threshold_in_cls2,valid_sample_in_cls2,valid_ratio_in_cls2,acc_in_cls3,threshold_in_cls3,valid_sample_in_cls3,valid_ratio_in_cls3,acc_in_cls4,threshold_in_cls4,valid_sample_in_cls4,valid_ratio_in_cls4,acc_in_cls5,threshold_in_cls5,valid_sample_in_cls5,valid_ratio_in_cls5,acc_in_cls6,threshold_in_cls6,valid_sample_in_cls6,valid_ratio_in_cls6,acc_in_cls7,threshold_in_cls7,valid_sample_in_cls7,valid_ratio_in_cls7,acc_in_cls8,threshold_in_cls8,valid_sample_in_cls8,valid_ratio_in_cls8,acc_in_cls9,threshold_in_cls9,valid_sample_in_cls9,valid_ratio_in_cls9
1,0.86797076,0.879,0.564339,0.758,0.91921544,0.00041975308,0.00028555395,1.0,1.0,0.0,0.0,0.97,0.82477564,565.0,0.0008152958,0.93,0.8689838,627.0,0.0009047619,0.87,0.8801915,559.0,0.0008066378,0.93,0.8956335,160.0,0.00023088024,0.87,0.8900532,260.0,0.0003751804,0.91,0.8918492,160.0,0.00023088024,0.63,0.9,50.0,7.215007e-05,0.02,0.8938256,171.0,0.00024675325,0.45,0.9,66.0,9.5238094e-05
1,0.86797076,0.879,0.7196745,0.782,0.95500886,0.00041510342,0.0003493667,1.0,1.0,0.0,0.0,0.98,0.78283215,513.0,0.0007402597,0.93,0.85283893,642.0,0.00092640694,0.94,0.87192035,569.0,0.00082106784,0.96,0.8907976,206.0,0.0002972583,0.69,0.8907541,234.0,0.00033766235,0.91,0.88967836,135.0,0.0001948052,0.81,0.9,41.0,5.916306e-05,0.27,0.8888315,182.0,0.00026262627,0.33,0.90231985,67.0,9.66811e-05
2,0.86797076,0.879,0.6854503,0.772,0.96187943,0.0004163861,0.00036540005,1.0,1.0,0.0,0.0,0.98,0.7384701,552.0,0.0007965368,0.88,0.8283478,637.0,0.0009191919,1.0,0.86813784,539.0,0.00077777775,0.94,0.8897123,188.0,0.00027128428,0.71,0.88951784,253.0,0.00036507935,0.9,0.88931215,130.0,0.0001875902,0.85,0.9,44.0,6.3492065e-05,0.2,0.88972014,192.0,0.00027705627,0.26,0.90231985,62.0,8.946609e-05
3,0.86797076,0.879,0.7397338,0.783,0.97096634,0.00043145742,0.0003761424,1.0,1.0,0.0,0.0,0.97,0.70109224,591.0,0.0008528138,0.97,0.80762523,661.0,0.00095382397,0.91,0.8668192,569.0,0.00082106784,0.94,0.88860947,184.0,0.00026551227,0.77,0.886318,254.0,0.00036652238,0.84,0.88931215,145.0,0.00020923521,0.68,0.9,49.0,7.070707e-05,0.42,0.88972014,183.0,0.00026406927,0.33,0.90231985,55.0,7.9365076e-05
