,pre_g_mean,pre_acsa,o_g_mean,o_acsa,acc_in_training,pass_pre_train_classifier,pass_o_classifier,acc_in_cls0,valid_sample_in_cls0,valid_ratio_in_cls0,acc_in_cls1,valid_sample_in_cls1,valid_ratio_in_cls1,acc_in_cls2,valid_sample_in_cls2,valid_ratio_in_cls2,acc_in_cls3,valid_sample_in_cls3,valid_ratio_in_cls3,acc_in_cls4,valid_sample_in_cls4,valid_ratio_in_cls4
1,0.4890366,0.636,0.0,0.366,0.89367104,0.020607345,0.0042231637,0.98,0.0,0.0,0.85,1243.0,0.07022599,0.0,204.0,0.011525423,0.0,12.0,0.0006779661,0.0,0.0,0.0
2,0.4890366,0.636,0.0,0.36,0.90625,0.020367231,0.00759887,0.99,0.0,0.0,0.81,1242.0,0.07016949,0.0,188.0,0.010621469,0.0,11.0,0.00062146893,0.0,1.0,5.6497174e-05
4,0.4890366,0.636,0.0,0.324,0.9101421,0.019915255,0.008022599,1.0,0.0,0.0,0.62,1211.0,0.06841808,0.0,189.0,0.010677966,0.0,10.0,0.00056497176,0.0,0.0,0.0
6,0.4890366,0.636,0.0,0.368,0.9114959,0.02019774,0.00990113,0.99,0.0,0.0,0.85,1230.0,0.06949153,0.0,189.0,0.010677966,0.0,11.0,0.00062146893,0.0,0.0,0.0
8,0.4890366,0.636,0.0,0.386,0.9131318,0.020268362,0.009957627,0.99,0.0,0.0,0.88,1236.0,0.06983051,0.0,192.0,0.010847458,0.0,7.0,0.00039548022,0.06,0.0,0.0
10,0.4890366,0.636,0.0,0.374,0.9155573,0.020564971,0.010183616,0.99,0.0,0.0,0.88,1253.0,0.07079096,0.0,199.0,0.011242938,0.0,4.0,0.0002259887,0.0,0.0,0.0
6,0.4890366,0.636,0.0,0.354,0.89011735,0.02012712,0.0024858757,0.99,0.0,0.0,0.78,1222.0,0.069039546,0.0,192.0,0.010847458,0.0,11.0,0.00062146893,0.0,0.0,0.0
7,0.4890366,0.636,0.0,0.2,0.84476537,0.16688135,0.19875707,1.0,13319.0,0.7524859,0.0,1253.0,0.07079096,0.0,189.0,0.010677966,0.0,8.0,0.0004519774,0.0,0.0,0.0
