,pre_g_mean,pre_acsa,o_g_mean,o_acsa,acc_in_training,pass_pre_train_classifier,pass_o_classifier,acc_in_cls0,valid_sample_in_cls0,valid_ratio_in_cls0,acc_in_cls1,valid_sample_in_cls1,valid_ratio_in_cls1,acc_in_cls2,valid_sample_in_cls2,valid_ratio_in_cls2,acc_in_cls3,valid_sample_in_cls3,valid_ratio_in_cls3,acc_in_cls4,valid_sample_in_cls4,valid_ratio_in_cls4,acc_in_cls5,valid_sample_in_cls5,valid_ratio_in_cls5,acc_in_cls6,valid_sample_in_cls6,valid_ratio_in_cls6,acc_in_cls7,valid_sample_in_cls7,valid_ratio_in_cls7,acc_in_cls8,valid_sample_in_cls8,valid_ratio_in_cls8,acc_in_cls9,valid_sample_in_cls9,valid_ratio_in_cls9
1,0.83576936,0.85,0.0,0.338,0.36768618,0.05410741,0.016647853,0.0,0.0,0.0,0.97,166983.0,0.20276172,0.95,179578.0,0.2180554,0.78,17501.0,0.021250864,0.0,3306.0,0.004014362,0.68,31283.0,0.037985872,0.0,1198.0,0.0014546902,0.0,923.0,0.0011207672,0.0,245.0,0.0002974951,0.0,21.0,2.549958e-05
2,0.83576936,0.85,0.0,0.446,0.45689273,0.05410741,0.038163155,0.0,0.0,0.0,0.97,166983.0,0.20276172,0.93,179578.0,0.2180554,0.92,17501.0,0.021250864,0.88,3306.0,0.004014362,0.76,31283.0,0.037985872,0.0,1198.0,0.0014546902,0.0,923.0,0.0011207672,0.0,245.0,0.0002974951,0.0,21.0,2.549958e-05
4,0.83576936,0.85,0.0,0.493,0.48470744,0.05410741,0.04697333,0.36,0.0,0.0,0.99,166983.0,0.20276172,0.91,179578.0,0.2180554,0.96,17501.0,0.021250864,0.94,3306.0,0.004014362,0.77,31283.0,0.037985872,0.0,1198.0,0.0014546902,0.0,923.0,0.0011207672,0.0,245.0,0.0002974951,0.0,21.0,2.549958e-05
