,pre_g_mean,pre_acsa,o_g_mean,o_acsa,acc_in_training,pass_pre_train_classifier,pass_o_classifier,acc_in_cls0,valid_sample_in_cls0,valid_ratio_in_cls0,acc_in_cls1,valid_sample_in_cls1,valid_ratio_in_cls1,acc_in_cls2,valid_sample_in_cls2,valid_ratio_in_cls2,acc_in_cls3,valid_sample_in_cls3,valid_ratio_in_cls3,acc_in_cls4,valid_sample_in_cls4,valid_ratio_in_cls4
1,0.4890366,0.636,0.0,0.366,0.8904558,2.8248587e-05,0.0,0.97,0.0,0.0,0.86,2.0,0.00011299435,0.0,0.0,0.0,0.0,0.0,0.0,0.0,0.0,0.0
2,0.4890366,0.636,0.0,0.362,0.90376806,1.4124294e-05,0.0,0.99,0.0,0.0,0.82,1.0,5.6497174e-05,0.0,0.0,0.0,0.0,0.0,0.0,0.0,0.0,0.0
4,0.4890366,0.636,0.0,0.324,0.907773,1.4124294e-05,0.0,1.0,0.0,0.0,0.62,1.0,5.6497174e-05,0.0,0.0,0.0,0.0,0.0,0.0,0.0,0.0,0.0
6,0.4890366,0.636,0.0,0.354,0.9179829,1.4124294e-05,0.0,0.99,0.0,0.0,0.69,1.0,5.6497174e-05,0.09,0.0,0.0,0.0,0.0,0.0,0.0,0.0,0.0
8,0.4890366,0.636,0.0,0.42,0.9267261,0.0,0.0,0.99,0.0,0.0,0.82,0.0,0.0,0.29,0.0,0.0,0.0,0.0,0.0,0.0,0.0,0.0
10,0.4890366,0.636,0.0,0.432,0.9288696,1.4124294e-05,0.0,0.99,0.0,0.0,0.84,1.0,5.6497174e-05,0.33,0.0,0.0,0.0,0.0,0.0,0.0,0.0,0.0
6,0.4890366,0.636,0.0,0.366,0.89462996,1.4124294e-05,0.0,0.99,0.0,0.0,0.84,1.0,5.6497174e-05,0.0,0.0,0.0,0.0,0.0,0.0,0.0,0.0,0.0
7,0.4890366,0.636,0.0,0.366,0.8896661,1.1299435e-05,4.519774e-05,0.94,0.0,0.0,0.89,1.0,5.6497174e-05,0.0,0.0,0.0,0.0,0.0,0.0,0.0,0.0,0.0
