,pre_g_mean,pre_acsa,o_g_mean,o_acsa,acc_in_training,pass_pre_train_classifier,pass_o_classifier,acc_in_cls0,valid_sample_in_cls0,valid_ratio_in_cls0,acc_in_cls1,valid_sample_in_cls1,valid_ratio_in_cls1,acc_in_cls2,valid_sample_in_cls2,valid_ratio_in_cls2,acc_in_cls3,valid_sample_in_cls3,valid_ratio_in_cls3,acc_in_cls4,valid_sample_in_cls4,valid_ratio_in_cls4
1,0.4890366,0.636,0.0,0.462,0.89897335,0.019491525,0.004237288,0.93,0.0,0.0,0.9,1199.0,0.06774011,0.48,170.0,0.00960452,0.0,11.0,0.00062146893,0.0,0.0,0.0
2,0.4890366,0.636,0.0,0.452,0.91296256,0.019124294,0.008276836,0.96,0.0,0.0,0.74,1188.0,0.067118645,0.56,157.0,0.008870057,0.0,9.0,0.0005084746,0.0,0.0,0.0
4,0.4890366,0.636,0.0,0.362,0.92548513,0.019067796,0.010240113,1.0,0.0,0.0,0.65,1171.0,0.06615819,0.16,170.0,0.00960452,0.0,9.0,0.0005084746,0.0,0.0,0.0
6,0.4890366,0.636,0.0,0.446,0.92994136,0.01908192,0.008418079,0.98,0.0,0.0,0.83,1186.0,0.06700565,0.42,157.0,0.008870057,0.0,8.0,0.0004519774,0.0,0.0,0.0
8,0.4890366,0.636,0.0,0.502,0.9334386,0.019237287,0.008248587,0.98,0.0,0.0,0.84,1192.0,0.067344636,0.69,164.0,0.009265536,0.0,6.0,0.00033898305,0.0,0.0,0.0
10,0.4890366,0.636,0.0,0.52,0.93287456,0.019350283,0.009053673,0.98,0.0,0.0,0.89,1205.0,0.0680791,0.7,161.0,0.009096045,0.03,4.0,0.0002259887,0.0,0.0,0.0
6,0.4890366,0.636,0.0,0.362,0.8905686,0.018827684,0.0034463278,0.99,0.0,0.0,0.82,1160.0,0.06553672,0.0,164.0,0.009265536,0.0,9.0,0.0005084746,0.0,0.0,0.0
7,0.4890366,0.636,0.0,0.2,0.8464576,0.16264407,0.19961582,1.0,13035.0,0.73644066,0.0,1190.0,0.06723164,0.0,161.0,0.009096045,0.0,8.0,0.0004519774,0.0,0.0,0.0
