,pre_g_mean,pre_acsa,o_g_mean,o_acsa,acc_in_training,pass_pre_train_classifier,pass_o_classifier,acc_in_cls0,valid_sample_in_cls0,valid_ratio_in_cls0,acc_in_cls1,valid_sample_in_cls1,valid_ratio_in_cls1,acc_in_cls2,valid_sample_in_cls2,valid_ratio_in_cls2,acc_in_cls3,valid_sample_in_cls3,valid_ratio_in_cls3,acc_in_cls4,valid_sample_in_cls4,valid_ratio_in_cls4,acc_in_cls5,valid_sample_in_cls5,valid_ratio_in_cls5,acc_in_cls6,valid_sample_in_cls6,valid_ratio_in_cls6,acc_in_cls7,valid_sample_in_cls7,valid_ratio_in_cls7,acc_in_cls8,valid_sample_in_cls8,valid_ratio_in_cls8,acc_in_cls9,valid_sample_in_cls9,valid_ratio_in_cls9
1,0.83576936,0.85,0.0,0.43,0.5822252,0.049640667,0.012323583,0.92,0.0,0.0,0.97,147767.0,0.1794284,0.93,170577.0,0.2071258,0.81,15229.0,0.018492052,0.0,2925.0,0.0035517272,0.67,29375.0,0.035669055,0.0,1030.0,0.0012506937,0.0,796.0,0.0009665555,0.0,217.0,0.00026349566,0.0,15.0,1.8213985e-05
2,0.83576936,0.85,0.0,0.638,0.8572695,0.049640667,0.031529352,0.96,0.0,0.0,0.99,147767.0,0.1794284,0.9,170577.0,0.2071258,0.89,15229.0,0.018492052,0.82,2925.0,0.0035517272,0.69,29375.0,0.035669055,0.73,1030.0,0.0012506937,0.4,796.0,0.0009665555,0.0,217.0,0.00026349566,0.0,15.0,1.8213985e-05
4,0.83576936,0.85,0.0,0.686,0.9289672,0.049640667,0.041227423,1.0,0.0,0.0,0.99,147767.0,0.1794284,0.89,170577.0,0.2071258,0.93,15229.0,0.018492052,0.91,2925.0,0.0035517272,0.71,29375.0,0.035669055,0.78,1030.0,0.0012506937,0.65,796.0,0.0009665555,0.0,217.0,0.00026349566,0.0,15.0,1.8213985e-05
