,pre_g_mean,pre_acsa,o_g_mean,o_acsa,acc_in_training,pass_pre_train_classifier,pass_o_classifier,acc_in_cls0,valid_sample_in_cls0,valid_ratio_in_cls0,acc_in_cls1,valid_sample_in_cls1,valid_ratio_in_cls1,acc_in_cls2,valid_sample_in_cls2,valid_ratio_in_cls2,acc_in_cls3,valid_sample_in_cls3,valid_ratio_in_cls3,acc_in_cls4,valid_sample_in_cls4,valid_ratio_in_cls4,acc_in_cls5,valid_sample_in_cls5,valid_ratio_in_cls5,acc_in_cls6,valid_sample_in_cls6,valid_ratio_in_cls6,acc_in_cls7,valid_sample_in_cls7,valid_ratio_in_cls7,acc_in_cls8,valid_sample_in_cls8,valid_ratio_in_cls8,acc_in_cls9,valid_sample_in_cls9,valid_ratio_in_cls9
1,0.83576936,0.85,0.0,0.41,0.34253103,0.042159438,0.008456956,0.0,0.0,0.0,0.97,110887.0,0.13464628,0.97,157875.0,0.19170219,0.8,12334.0,0.014976753,0.43,2444.0,0.0029676652,0.77,27176.0,0.032998882,0.0,874.0,0.0010612682,0.16,685.0,0.000831772,0.0,193.0,0.00023435328,0.0,13.0,1.5785454e-05
2,0.83576936,0.85,0.0,0.605,0.78235817,0.042159438,0.021767197,0.98,0.0,0.0,0.98,110887.0,0.13464628,0.91,157875.0,0.19170219,0.89,12334.0,0.014976753,0.89,2444.0,0.0029676652,0.7,27176.0,0.032998882,0.0,874.0,0.0010612682,0.7,685.0,0.000831772,0.0,193.0,0.00023435328,0.0,13.0,1.5785454e-05
4,0.83576936,0.85,0.0,0.622,0.91500443,0.042159438,0.030536758,1.0,0.0,0.0,1.0,110887.0,0.13464628,0.9,157875.0,0.19170219,0.89,12334.0,0.014976753,0.92,2444.0,0.0029676652,0.76,27176.0,0.032998882,0.0,874.0,0.0010612682,0.75,685.0,0.000831772,0.0,193.0,0.00023435328,0.0,13.0,1.5785454e-05
