,pre_g_mean,pre_acsa,o_g_mean,o_acsa,acc_in_training,pass_pre_train_classifier,pass_o_classifier,acc_in_cls0,valid_sample_in_cls0,valid_ratio_in_cls0,acc_in_cls1,valid_sample_in_cls1,valid_ratio_in_cls1,acc_in_cls2,valid_sample_in_cls2,valid_ratio_in_cls2,acc_in_cls3,valid_sample_in_cls3,valid_ratio_in_cls3,acc_in_cls4,valid_sample_in_cls4,valid_ratio_in_cls4
1,0.4890366,0.636,0.0,0.454,0.8849278,0.018064972,0.00081920903,0.95,0.0,0.0,0.85,1134.0,0.064067796,0.47,136.0,0.0076836157,0.0,9.0,0.0005084746,0.0,0.0,0.0
2,0.4890366,0.636,0.0,0.394,0.9177572,0.017655367,0.004322034,0.99,0.0,0.0,0.81,1115.0,0.06299435,0.17,129.0,0.0072881356,0.0,6.0,0.00033898305,0.0,0.0,0.0
4,0.4890366,0.636,0.0,0.332,0.92486465,0.017542373,0.006313559,1.0,0.0,0.0,0.47,1104.0,0.062372882,0.19,131.0,0.00740113,0.0,7.0,0.00039548022,0.0,0.0,0.0
6,0.4890366,0.636,0.0,0.45,0.9300541,0.017641243,0.006355932,0.98,0.0,0.0,0.87,1118.0,0.06316384,0.4,125.0,0.007062147,0.0,6.0,0.00033898305,0.0,0.0,0.0
8,0.4890366,0.636,0.0,0.496,0.9330438,0.017980225,0.0065536723,0.97,0.0,0.0,0.83,1129.0,0.06378531,0.67,139.0,0.0078531075,0.01,5.0,0.00028248588,0.0,0.0,0.0
10,0.4890366,0.636,0.0,0.474,0.9314644,0.018050848,0.00829096,0.98,0.0,0.0,0.87,1139.0,0.064350285,0.48,135.0,0.007627119,0.04,4.0,0.0002259887,0.0,0.0,0.0
6,0.4890366,0.636,0.0,0.364,0.8872405,0.017387006,0.004774011,0.98,0.0,0.0,0.84,1097.0,0.0619774,0.0,128.0,0.0072316383,0.0,6.0,0.00033898305,0.0,0.0,0.0
7,0.4890366,0.636,0.0,0.36,0.8872969,0.15635028,0.1440339,0.98,12582.0,0.71084744,0.82,1123.0,0.06344633,0.0,126.0,0.007118644,0.0,6.0,0.00033898305,0.0,0.0,0.0
