,elbo,pre_g_mean,pre_acsa,o_g_mean,o_acsa,pass_pre_train_classifier,pass_o_classifier,cls0,cls1,cls2,cls3,cls4
1,-6370.3467,0.76816094,0.64721006,0.56146574,0.38281658,0.50504285,0.00023691336,inf,inf,inf,inf,inf
2,-6379.064,0.76144195,0.64452195,0.5557471,0.35607323,0.50437725,0.0,inf,inf,inf,inf,inf
3,-6380.687,0.7640557,0.64020705,0.5343954,0.34786794,0.50395983,0.0,inf,inf,inf,inf,inf
4,-6381.0796,0.76434773,0.64062184,0.5485381,0.36017948,0.50340706,0.0,inf,inf,inf,inf,inf
5,-6379.2085,0.7655274,0.64624107,0.5313772,0.34879714,0.5056182,0.0,inf,inf,inf,inf,inf
