,pre_g_mean,pre_acsa,o_g_mean,o_acsa,acc_in_training,pass_pre_train_classifier,pass_o_classifier,acc_in_cls0,valid_sample_in_cls0,valid_ratio_in_cls0,acc_in_cls1,valid_sample_in_cls1,valid_ratio_in_cls1,acc_in_cls2,valid_sample_in_cls2,valid_ratio_in_cls2,acc_in_cls3,valid_sample_in_cls3,valid_ratio_in_cls3,acc_in_cls4,valid_sample_in_cls4,valid_ratio_in_cls4,acc_in_cls5,valid_sample_in_cls5,valid_ratio_in_cls5,acc_in_cls6,valid_sample_in_cls6,valid_ratio_in_cls6,acc_in_cls7,valid_sample_in_cls7,valid_ratio_in_cls7,acc_in_cls8,valid_sample_in_cls8,valid_ratio_in_cls8,acc_in_cls9,valid_sample_in_cls9,valid_ratio_in_cls9
1,0.83576936,0.85,0.0,0.348,0.36691046,0.059839956,0.022879194,0.0,0.0,0.0,0.97,188889.0,0.22936143,0.96,192225.0,0.23341222,0.86,21025.0,0.025529936,0.0,4046.0,0.004912919,0.69,34415.0,0.041788954,0.0,1458.0,0.0017703994,0.0,1131.0,0.0013733344,0.0,308.0,0.00037399383,0.0,30.0,3.642797e-05
2,0.83576936,0.85,0.0,0.36,0.4276374,0.059839956,0.049641743,0.0,0.0,0.0,0.99,188889.0,0.22936143,0.95,192225.0,0.23341222,0.94,21025.0,0.025529936,0.0,4046.0,0.004912919,0.72,34415.0,0.041788954,0.0,1458.0,0.0017703994,0.0,1131.0,0.0013733344,0.0,308.0,0.00037399383,0.0,30.0,3.642797e-05
4,0.83576936,0.85,0.0,0.616,0.8215869,0.059839956,0.05610609,0.99,0.0,0.0,1.0,188889.0,0.22936143,0.9,192225.0,0.23341222,0.92,21025.0,0.025529936,0.91,4046.0,0.004912919,0.74,34415.0,0.041788954,0.0,1458.0,0.0017703994,0.7,1131.0,0.0013733344,0.0,308.0,0.00037399383,0.0,30.0,3.642797e-05
