,elbo,pre_g_mean,pre_acsa,o_g_mean,o_acsa,pass_pre_train_classifier,pass_o_classifier,cls0,cls1,cls2,cls3,cls4
1,-5815.3345,0.7302525,0.75,0.47491089,0.564,0.683404,0.057438925,0.80102015,0.75814766,0.6722416,0.6154094,0.57020134
1,-5808.8286,0.7302525,0.75,0.44863603,0.56,0.68514365,0.07973155,0.80161077,0.7588456,0.67344964,0.6194631,0.572349
